UID,채무 불이행 확률
TEST_0000,0.456428
TEST_0001,0.45444295
TEST_0002,0.45369056
TEST_0003,0.3379798
TEST_0004,0.44441205
TEST_0005,0.44260707
TEST_0006,0.65056115
TEST_0007,0.7117369
TEST_0008,5.430626e-12
TEST_0009,0.5279245
TEST_0010,0.45872742
TEST_0011,0.38945684
TEST_0012,0.3809398
TEST_0013,0.40237695
TEST_0014,0.7469808
TEST_0015,0.34020606
TEST_0016,0.5417867
TEST_0017,0.4056586
TEST_0018,0.33863276
TEST_0019,0.5639072
TEST_0020,0.3944861
TEST_0021,0.46236518
TEST_0022,0.34022373
TEST_0023,0.5665382
TEST_0024,0.45090714
TEST_0025,0.4640454
TEST_0026,0.5709655
TEST_0027,0.64585555
TEST_0028,0.36140108
TEST_0029,0.8075026
TEST_0030,0.2888342
TEST_0031,0.24784955
TEST_0032,0.42287493
TEST_0033,0.6884582
TEST_0034,0.33247796
TEST_0035,0.2712147
TEST_0036,0.48120517
TEST_0037,0.37419203
TEST_0038,0.427104
TEST_0039,0.6627116
TEST_0040,0.61025816
TEST_0041,0.3909527
TEST_0042,0.16444032
TEST_0043,0.47639874
TEST_0044,0.14221685
TEST_0045,0.3209942
TEST_0046,0.4318408
TEST_0047,0.46979055
TEST_0048,0.67398995
TEST_0049,0.3929637
TEST_0050,0.41848463
TEST_0051,0.09859694
TEST_0052,0.5311997
TEST_0053,0.70130485
TEST_0054,0.41633248
TEST_0055,0.35899174
TEST_0056,0.22803451
TEST_0057,0.29993516
TEST_0058,0.54375076
TEST_0059,0.42570144
TEST_0060,0.28221485
TEST_0061,0.04531482
TEST_0062,0.52907187
TEST_0063,0.4148695
TEST_0064,0.4111848
TEST_0065,0.41926748
TEST_0066,0.3586037
TEST_0067,0.31392762
TEST_0068,0.36658996
TEST_0069,0.5591381
TEST_0070,0.37861216
TEST_0071,0.5247326
TEST_0072,0.33655775
TEST_0073,0.3082077
TEST_0074,0.4631089
TEST_0075,0.46412107
TEST_0076,0.40789592
TEST_0077,0.3144683
TEST_0078,0.15046789
TEST_0079,0.37271225
TEST_0080,0.3145051
TEST_0081,0.48038292
TEST_0082,0.54502124
TEST_0083,0.4387553
TEST_0084,0.60590816
TEST_0085,0.43158513
TEST_0086,0.61182773
TEST_0087,0.39782205
TEST_0088,0.1854327
TEST_0089,0.58137107
TEST_0090,0.44849667
TEST_0091,0.34022212
TEST_0092,0.47689566
TEST_0093,0.5723535
TEST_0094,0.38167366
TEST_0095,0.35695553
TEST_0096,0.24888562
TEST_0097,0.43555328
TEST_0098,0.26072666
TEST_0099,0.401297
TEST_0100,0.5216868
TEST_0101,0.3526627
TEST_0102,0.49306202
TEST_0103,0.44693676
TEST_0104,0.743115
TEST_0105,0.30572376
TEST_0106,0.54698825
TEST_0107,0.43916443
TEST_0108,0.2908548
TEST_0109,0.27384385
TEST_0110,0.32198077
TEST_0111,0.56297964
TEST_0112,0.33933058
TEST_0113,0.57475775
TEST_0114,0.48906448
TEST_0115,0.29810005
TEST_0116,0.5277716
TEST_0117,0.28369373
TEST_0118,0.3738569
TEST_0119,0.6521187
TEST_0120,0.33749318
TEST_0121,0.3706433
TEST_0122,0.33022562
TEST_0123,0.34097126
TEST_0124,0.43267635
TEST_0125,0.31157362
TEST_0126,0.3713247
TEST_0127,0.47492802
TEST_0128,0.006695336
TEST_0129,0.78884286
TEST_0130,0.5187538
TEST_0131,0.56898236
TEST_0132,0.61117184
TEST_0133,0.3534558
TEST_0134,0.53089607
TEST_0135,0.6663428
TEST_0136,0.58936584
TEST_0137,0.5463852
TEST_0138,0.53789455
TEST_0139,0.7545227
TEST_0140,0.5516179
TEST_0141,0.5711644
TEST_0142,0.27122873
TEST_0143,0.31275055
TEST_0144,0.42743298
TEST_0145,0.46194348
TEST_0146,0.40733752
TEST_0147,0.44499844
TEST_0148,0.6104329
TEST_0149,0.50678223
TEST_0150,0.6059386
TEST_0151,0.47522053
TEST_0152,0.8327964
TEST_0153,0.31580105
TEST_0154,0.74594116
TEST_0155,0.2973781
TEST_0156,0.70865613
TEST_0157,0.22002102
TEST_0158,0.65783745
TEST_0159,0.12639958
TEST_0160,0.63991636
TEST_0161,0.55134374
TEST_0162,0.35457712
TEST_0163,0.5516915
TEST_0164,0.37392527
TEST_0165,0.10847495
TEST_0166,0.5250003
TEST_0167,0.79997575
TEST_0168,0.3974171
TEST_0169,0.5976325
TEST_0170,0.57776463
TEST_0171,0.42967936
TEST_0172,0.3874233
TEST_0173,0.32584697
TEST_0174,0.34048036
TEST_0175,0.5103869
TEST_0176,0.5816635
TEST_0177,0.46026957
TEST_0178,0.33610117
TEST_0179,0.62742764
TEST_0180,0.37345126
TEST_0181,0.2563485
TEST_0182,0.3575378
TEST_0183,0.31749
TEST_0184,0.46832
TEST_0185,0.34305054
TEST_0186,0.25249204
TEST_0187,0.375666
TEST_0188,0.39308864
TEST_0189,0.40199962
TEST_0190,0.633208
TEST_0191,0.21676032
TEST_0192,0.43294173
TEST_0193,0.2803264
TEST_0194,0.17274414
TEST_0195,0.3195047
TEST_0196,0.68314314
TEST_0197,0.7332149
TEST_0198,0.41523153
TEST_0199,0.64368796
TEST_0200,0.30228862
TEST_0201,0.5212107
TEST_0202,0.3722282
TEST_0203,0.31311873
TEST_0204,0.35744214
TEST_0205,0.7128349
TEST_0206,0.50904995
TEST_0207,0.16505352
TEST_0208,0.32172757
TEST_0209,0.69002354
TEST_0210,0.39083466
TEST_0211,0.7238786
TEST_0212,0.6400454
TEST_0213,0.43033272
TEST_0214,0.30488345
TEST_0215,0.35515738
TEST_0216,0.38028404
TEST_0217,0.29339403
TEST_0218,0.122655414
TEST_0219,0.5124929
TEST_0220,0.5543285
TEST_0221,0.40117896
TEST_0222,0.7610664
TEST_0223,0.5393993
TEST_0224,0.27522132
TEST_0225,0.36736283
TEST_0226,0.34929085
TEST_0227,0.49062127
TEST_0228,0.4572434
TEST_0229,0.22210379
TEST_0230,0.50584376
TEST_0231,0.7571364
TEST_0232,0.42203793
TEST_0233,0.36079487
TEST_0234,0.40079385
TEST_0235,0.537805
TEST_0236,0.32105207
TEST_0237,0.4332097
TEST_0238,0.3312889
TEST_0239,0.31306154
TEST_0240,0.6065145
TEST_0241,0.47873142
TEST_0242,0.4474691
TEST_0243,0.62970936
TEST_0244,0.35478485
TEST_0245,0.750609
TEST_0246,0.37419254
TEST_0247,0.73874515
TEST_0248,0.3632614
TEST_0249,0.5483909
TEST_0250,0.29594222
TEST_0251,0.83338183
TEST_0252,0.7492282
TEST_0253,0.70283896
TEST_0254,0.076329954
TEST_0255,0.65759635
TEST_0256,0.6837269
TEST_0257,0.22426833
TEST_0258,0.32666287
TEST_0259,0.20731257
TEST_0260,0.18168971
TEST_0261,0.46230376
TEST_0262,0.33373764
TEST_0263,0.49478057
TEST_0264,0.68892694
TEST_0265,0.4292241
TEST_0266,0.32786468
TEST_0267,0.1320025
TEST_0268,0.541608
TEST_0269,0.4226533
TEST_0270,0.36371192
TEST_0271,0.2756126
TEST_0272,0.40944728
TEST_0273,0.7101046
TEST_0274,0.23391126
TEST_0275,0.30691114
TEST_0276,0.32905254
TEST_0277,0.35010627
TEST_0278,0.18456465
TEST_0279,0.4282497
TEST_0280,0.60813755
TEST_0281,0.2276868
TEST_0282,0.1880884
TEST_0283,0.5184726
TEST_0284,0.41020688
TEST_0285,0.46893132
TEST_0286,0.35795456
TEST_0287,0.49223998
TEST_0288,0.36851332
TEST_0289,0.1266579
TEST_0290,0.51377124
TEST_0291,0.33085427
TEST_0292,0.38833606
TEST_0293,0.4045614
TEST_0294,0.2903919
TEST_0295,0.82903737
TEST_0296,0.3656989
TEST_0297,0.2193224
TEST_0298,0.68262446
TEST_0299,0.5513188
TEST_0300,0.60993844
TEST_0301,0.1265975
TEST_0302,0.5448327
TEST_0303,0.43438074
TEST_0304,0.2733707
TEST_0305,0.35848773
TEST_0306,0.4971886
TEST_0307,0.7827217
TEST_0308,0.78119355
TEST_0309,0.3312742
TEST_0310,0.1771392
TEST_0311,0.5882901
TEST_0312,0.41220325
TEST_0313,0.30508772
TEST_0314,0.80211693
TEST_0315,0.42640668
TEST_0316,0.1491154
TEST_0317,0.63068914
TEST_0318,0.41088188
TEST_0319,0.4153275
TEST_0320,0.5504254
TEST_0321,0.75168896
TEST_0322,0.68104476
TEST_0323,0.33700266
TEST_0324,0.778928
TEST_0325,0.37239948
TEST_0326,0.48864582
TEST_0327,0.34316394
TEST_0328,0.71139544
TEST_0329,0.51982707
TEST_0330,9.770093e-06
TEST_0331,0.3713997
TEST_0332,0.41598174
TEST_0333,0.3985395
TEST_0334,0.4919198
TEST_0335,0.48927522
TEST_0336,0.2586163
TEST_0337,0.71900135
TEST_0338,0.55182374
TEST_0339,0.30285987
TEST_0340,0.69997895
TEST_0341,0.31887993
TEST_0342,0.5508282
TEST_0343,0.65497524
TEST_0344,0.42850712
TEST_0345,0.5118011
TEST_0346,0.45119527
TEST_0347,0.53126633
TEST_0348,0.73852015
TEST_0349,0.75392777
TEST_0350,0.5969671
TEST_0351,0.33424774
TEST_0352,0.32369506
TEST_0353,0.44050133
TEST_0354,0.4497262
TEST_0355,0.6638285
TEST_0356,0.52907556
TEST_0357,0.10181868
TEST_0358,0.41978917
TEST_0359,0.7117356
TEST_0360,0.20015286
TEST_0361,0.61250377
TEST_0362,0.4608872
TEST_0363,0.53229034
TEST_0364,0.5087363
TEST_0365,0.45595455
TEST_0366,0.3487804
TEST_0367,0.6882927
TEST_0368,0.501701
TEST_0369,0.60096127
TEST_0370,0.5116312
TEST_0371,0.31182492
TEST_0372,0.37109575
TEST_0373,0.2793954
TEST_0374,0.58425903
TEST_0375,0.23803337
TEST_0376,0.3808976
TEST_0377,0.362236
TEST_0378,0.61552864
TEST_0379,0.90697235
TEST_0380,0.3415012
TEST_0381,0.5987834
TEST_0382,0.41009933
TEST_0383,0.4162753
TEST_0384,0.45845437
TEST_0385,0.5745896
TEST_0386,0.48117286
TEST_0387,0.7777116
TEST_0388,0.2687936
TEST_0389,0.3982179
TEST_0390,0.4059617
TEST_0391,0.63802904
TEST_0392,0.42743367
TEST_0393,0.5520136
TEST_0394,0.33661783
TEST_0395,0.40029633
TEST_0396,0.6082715
TEST_0397,0.4679825
TEST_0398,0.6242145
TEST_0399,0.40969226
TEST_0400,0.378467
TEST_0401,0.27303967
TEST_0402,0.5400958
TEST_0403,0.42132577
TEST_0404,0.61796576
TEST_0405,0.45488307
TEST_0406,0.4228059
TEST_0407,0.6996082
TEST_0408,0.2136959
TEST_0409,0.6055577
TEST_0410,0.3192124
TEST_0411,0.30513293
TEST_0412,0.2139486
TEST_0413,0.35959044
TEST_0414,0.272683
TEST_0415,0.71212786
TEST_0416,0.026558282
TEST_0417,0.73361087
TEST_0418,0.40807736
TEST_0419,0.52913916
TEST_0420,0.48279965
TEST_0421,0.58288264
TEST_0422,0.33765823
TEST_0423,0.27472648
TEST_0424,0.54683733
TEST_0425,0.561694
TEST_0426,0.5580472
TEST_0427,0.29498154
TEST_0428,0.5544291
TEST_0429,0.36512434
TEST_0430,0.37751094
TEST_0431,0.36210302
TEST_0432,0.15013768
TEST_0433,0.46450153
TEST_0434,0.37678578
TEST_0435,0.6824439
TEST_0436,0.34027198
TEST_0437,0.70993465
TEST_0438,0.27993965
TEST_0439,0.32393393
TEST_0440,0.42057905
TEST_0441,0.3468849
TEST_0442,0.3059238
TEST_0443,0.30943838
TEST_0444,0.47912496
TEST_0445,0.16065091
TEST_0446,0.26834902
TEST_0447,0.47535136
TEST_0448,0.4480036
TEST_0449,0.32316005
TEST_0450,0.3143483
TEST_0451,0.43717083
TEST_0452,0.6846338
TEST_0453,0.36082065
TEST_0454,0.42441422
TEST_0455,0.33977044
TEST_0456,0.3636602
TEST_0457,0.5142051
TEST_0458,0.39195433
TEST_0459,0.6657233
TEST_0460,0.2983468
TEST_0461,0.38457558
TEST_0462,0.33693123
TEST_0463,0.6912797
TEST_0464,0.4295863
TEST_0465,0.25931004
TEST_0466,0.39652738
TEST_0467,0.3750033
TEST_0468,0.40031403
TEST_0469,0.3685866
TEST_0470,0.43742976
TEST_0471,0.3465018
TEST_0472,0.24659792
TEST_0473,0.29152367
TEST_0474,0.38006034
TEST_0475,0.3872844
TEST_0476,0.7394589
TEST_0477,0.37244835
TEST_0478,0.50716496
TEST_0479,0.686048
TEST_0480,0.62616414
TEST_0481,0.43281165
TEST_0482,0.33128953
TEST_0483,0.28059408
TEST_0484,0.015457796
TEST_0485,0.6793845
TEST_0486,0.2722859
TEST_0487,0.3612037
TEST_0488,0.6247615
TEST_0489,0.37028703
TEST_0490,0.34622625
TEST_0491,0.2908084
TEST_0492,0.3798166
TEST_0493,0.40104958
TEST_0494,0.69902843
TEST_0495,0.6595614
TEST_0496,0.41846997
TEST_0497,0.621529
TEST_0498,0.4173182
TEST_0499,0.44821724
TEST_0500,0.33740088
TEST_0501,0.34095815
TEST_0502,0.64496934
TEST_0503,0.43211034
TEST_0504,0.3129255
TEST_0505,0.24372695
TEST_0506,0.43561634
TEST_0507,0.6161739
TEST_0508,0.31747964
TEST_0509,0.37929267
TEST_0510,0.5248808
TEST_0511,0.61950445
TEST_0512,0.61163133
TEST_0513,0.38599867
TEST_0514,0.36982536
TEST_0515,0.7011243
TEST_0516,0.3237759
TEST_0517,0.45731562
TEST_0518,0.61410743
TEST_0519,0.32999018
TEST_0520,0.5647243
TEST_0521,0.21352117
TEST_0522,0.37455404
TEST_0523,0.24683449
TEST_0524,0.37804264
TEST_0525,0.46291843
TEST_0526,0.64071447
TEST_0527,0.26834023
TEST_0528,0.7414681
TEST_0529,0.5262208
TEST_0530,0.3292663
TEST_0531,0.5412251
TEST_0532,0.505934
TEST_0533,0.43486187
TEST_0534,0.60578054
TEST_0535,0.49759063
TEST_0536,0.3456297
TEST_0537,0.40526885
TEST_0538,0.5569751
TEST_0539,0.7593236
TEST_0540,0.5318457
TEST_0541,0.39132753
TEST_0542,0.5129324
TEST_0543,0.36514583
TEST_0544,0.5944691
TEST_0545,0.30960894
TEST_0546,0.38765794
TEST_0547,0.78465503
TEST_0548,0.452406
TEST_0549,0.70373565
TEST_0550,0.35761464
TEST_0551,0.63408494
TEST_0552,0.5033219
TEST_0553,0.3414681
TEST_0554,0.36336154
TEST_0555,0.43850207
TEST_0556,0.5550663
TEST_0557,0.40666905
TEST_0558,0.28525123
TEST_0559,0.7626065
TEST_0560,0.21792255
TEST_0561,0.27297568
TEST_0562,0.45247847
TEST_0563,0.8276648
TEST_0564,0.42510858
TEST_0565,0.43095207
TEST_0566,0.3163802
TEST_0567,0.6811631
TEST_0568,0.3275675
TEST_0569,0.37244174
TEST_0570,0.37979588
TEST_0571,0.28945452
TEST_0572,0.44315824
TEST_0573,0.27791956
TEST_0574,0.41310677
TEST_0575,0.31671828
TEST_0576,0.26082954
TEST_0577,0.121343255
TEST_0578,0.3561293
TEST_0579,0.4239162
TEST_0580,0.32780063
TEST_0581,0.4555181
TEST_0582,0.6123006
TEST_0583,0.39069763
TEST_0584,0.8156891
TEST_0585,0.03938301
TEST_0586,0.4272555
TEST_0587,0.36501002
TEST_0588,0.7655899
TEST_0589,0.62888175
TEST_0590,0.68350255
TEST_0591,0.34155118
TEST_0592,0.28912058
TEST_0593,0.79524374
TEST_0594,0.5142521
TEST_0595,0.67166245
TEST_0596,0.38048336
TEST_0597,0.4241657
TEST_0598,0.5030835
TEST_0599,0.60345674
TEST_0600,0.31580845
TEST_0601,0.5403099
TEST_0602,0.50169694
TEST_0603,0.59118646
TEST_0604,0.74619865
TEST_0605,0.3471246
TEST_0606,0.34426716
TEST_0607,0.33922577
TEST_0608,0.18109599
TEST_0609,0.4645888
TEST_0610,0.22919083
TEST_0611,0.57369316
TEST_0612,0.35716608
TEST_0613,0.41176814
TEST_0614,0.24740544
TEST_0615,0.40797487
TEST_0616,0.5424393
TEST_0617,0.3969576
TEST_0618,0.29455152
TEST_0619,0.48494658
TEST_0620,0.46096233
TEST_0621,0.3709908
TEST_0622,0.49803394
TEST_0623,0.6228189
TEST_0624,0.779946
TEST_0625,0.105189726
TEST_0626,0.56857526
TEST_0627,0.35258204
TEST_0628,0.59993327
TEST_0629,0.43968594
TEST_0630,0.68309236
TEST_0631,0.35333136
TEST_0632,0.34978524
TEST_0633,0.46818137
TEST_0634,0.67288154
TEST_0635,0.35284635
TEST_0636,0.5680377
TEST_0637,0.37453437
TEST_0638,0.5676379
TEST_0639,0.78661966
TEST_0640,0.4399923
TEST_0641,0.68946433
TEST_0642,0.37447718
TEST_0643,0.38654637
TEST_0644,0.3938184
TEST_0645,0.45805958
TEST_0646,0.77079016
TEST_0647,0.3419248
TEST_0648,0.52070385
TEST_0649,0.7142105
TEST_0650,0.6501972
TEST_0651,0.21710956
TEST_0652,0.3526476
TEST_0653,0.652635
TEST_0654,0.38054904
TEST_0655,0.49039853
TEST_0656,0.37275806
TEST_0657,0.6926357
TEST_0658,0.35771647
TEST_0659,0.2556162
TEST_0660,0.54741657
TEST_0661,0.47078547
TEST_0662,0.13691776
TEST_0663,0.51055527
TEST_0664,0.41602162
TEST_0665,0.34107953
TEST_0666,0.7552689
TEST_0667,0.32278016
TEST_0668,0.5039624
TEST_0669,0.6540782
TEST_0670,0.119665675
TEST_0671,0.2707979
TEST_0672,0.19671656
TEST_0673,0.5040309
TEST_0674,0.34571373
TEST_0675,0.364263
TEST_0676,0.022572663
TEST_0677,0.7510648
TEST_0678,0.5846816
TEST_0679,0.57180774
TEST_0680,0.4030576
TEST_0681,0.17259467
TEST_0682,0.39254704
TEST_0683,0.6805884
TEST_0684,0.4942957
TEST_0685,0.43754187
TEST_0686,0.3113352
TEST_0687,0.38899878
TEST_0688,0.7522379
TEST_0689,0.41996008
TEST_0690,0.64331186
TEST_0691,0.34809577
TEST_0692,0.40906984
TEST_0693,0.22081484
TEST_0694,0.43665496
TEST_0695,0.5740958
TEST_0696,0.33232203
TEST_0697,0.48961997
TEST_0698,0.61510026
TEST_0699,0.29414296
TEST_0700,0.22812821
TEST_0701,0.79443467
TEST_0702,0.21218804
TEST_0703,0.174892
TEST_0704,0.38730323
TEST_0705,0.44274223
TEST_0706,0.36235082
TEST_0707,0.6287148
TEST_0708,0.5103602
TEST_0709,0.56701
TEST_0710,0.327385
TEST_0711,0.4332106
TEST_0712,0.3803086
TEST_0713,0.33922872
TEST_0714,0.34144697
TEST_0715,0.68519837
TEST_0716,0.68198144
TEST_0717,0.7806571
TEST_0718,0.36657998
TEST_0719,0.554058
TEST_0720,0.61444163
TEST_0721,0.507151
TEST_0722,0.10225513
TEST_0723,0.41594404
TEST_0724,0.49000522
TEST_0725,0.26902044
TEST_0726,0.45585543
TEST_0727,0.27410412
TEST_0728,0.6012263
TEST_0729,0.26598176
TEST_0730,0.36204746
TEST_0731,0.35248068
TEST_0732,0.575185
TEST_0733,0.41556218
TEST_0734,0.37620828
TEST_0735,0.48174155
TEST_0736,0.21336845
TEST_0737,0.52416676
TEST_0738,0.45678648
TEST_0739,0.20233287
TEST_0740,0.42192993
TEST_0741,0.59854376
TEST_0742,0.47452083
TEST_0743,0.59075224
TEST_0744,0.3553339
TEST_0745,0.33604458
TEST_0746,0.36439723
TEST_0747,0.5182411
TEST_0748,0.71366596
TEST_0749,0.7319851
TEST_0750,0.69722086
TEST_0751,0.33332407
TEST_0752,0.72778827
TEST_0753,0.7123876
TEST_0754,0.71316296
TEST_0755,0.46551034
TEST_0756,0.45098317
TEST_0757,0.365615
TEST_0758,0.3909857
TEST_0759,0.155604
TEST_0760,0.18464307
TEST_0761,0.527204
TEST_0762,0.23499732
TEST_0763,0.3770134
TEST_0764,0.3236037
TEST_0765,0.3936221
TEST_0766,0.6095483
TEST_0767,0.23510095
TEST_0768,0.6826441
TEST_0769,0.5807107
TEST_0770,0.62413
TEST_0771,0.373943
TEST_0772,0.2191457
TEST_0773,0.18008958
TEST_0774,0.4310071
TEST_0775,0.35133323
TEST_0776,0.6648346
TEST_0777,0.22746606
TEST_0778,0.7169396
TEST_0779,0.6014127
TEST_0780,0.639149
TEST_0781,0.3095846
TEST_0782,0.34017357
TEST_0783,0.2046762
TEST_0784,0.28244546
TEST_0785,0.5667973
TEST_0786,0.42662057
TEST_0787,0.31838524
TEST_0788,0.7339174
TEST_0789,0.45361865
TEST_0790,0.42961678
TEST_0791,0.8229745
TEST_0792,0.3059175
TEST_0793,0.4156461
TEST_0794,0.18366995
TEST_0795,0.22372027
TEST_0796,0.3165172
TEST_0797,0.7708145
TEST_0798,0.5685739
TEST_0799,0.35239008
TEST_0800,0.5044562
TEST_0801,0.8249502
TEST_0802,0.2509119
TEST_0803,0.36273795
TEST_0804,0.63628775
TEST_0805,0.1929933
TEST_0806,0.52928823
TEST_0807,0.345527
TEST_0808,0.48396164
TEST_0809,0.29445082
TEST_0810,0.34754613
TEST_0811,0.28608456
TEST_0812,0.64778364
TEST_0813,0.3442216
TEST_0814,0.53712744
TEST_0815,0.52774966
TEST_0816,0.523984
TEST_0817,0.2605972
TEST_0818,0.515845
TEST_0819,0.588601
TEST_0820,0.68783987
TEST_0821,0.38841558
TEST_0822,0.7916757
TEST_0823,0.3197013
TEST_0824,0.6354654
TEST_0825,0.07927846
TEST_0826,0.43101752
TEST_0827,0.24375461
TEST_0828,0.5763641
TEST_0829,0.6083654
TEST_0830,0.32346278
TEST_0831,0.47252193
TEST_0832,0.51074475
TEST_0833,0.68787616
TEST_0834,0.31765658
TEST_0835,0.5941939
TEST_0836,0.30752227
TEST_0837,0.30962765
TEST_0838,0.67422205
TEST_0839,0.42290822
TEST_0840,0.08826042
TEST_0841,0.28532568
TEST_0842,0.35546318
TEST_0843,0.40787584
TEST_0844,0.6180091
TEST_0845,0.36191022
TEST_0846,0.5283277
TEST_0847,0.6247877
TEST_0848,0.68483776
TEST_0849,0.7188068
TEST_0850,0.2913359
TEST_0851,0.52780473
TEST_0852,0.58876437
TEST_0853,0.35262117
TEST_0854,0.38275093
TEST_0855,0.31072265
TEST_0856,0.6792468
TEST_0857,0.61587954
TEST_0858,0.3672566
TEST_0859,0.5527878
TEST_0860,0.40640393
TEST_0861,0.35129264
TEST_0862,0.5355026
TEST_0863,0.35593954
TEST_0864,0.56149
TEST_0865,0.38737002
TEST_0866,0.6137662
TEST_0867,0.53813344
TEST_0868,0.3117984
TEST_0869,0.61945355
TEST_0870,0.3637615
TEST_0871,0.3479353
TEST_0872,0.33758754
TEST_0873,0.4490251
TEST_0874,0.42406827
TEST_0875,0.79870117
TEST_0876,0.54200476
TEST_0877,0.5650376
TEST_0878,0.1798719
TEST_0879,0.4221063
TEST_0880,0.37256676
TEST_0881,0.15316916
TEST_0882,0.7723419
TEST_0883,0.52369386
TEST_0884,0.4286981
TEST_0885,0.40771428
TEST_0886,0.51668835
TEST_0887,0.50014704
TEST_0888,0.44837573
TEST_0889,0.28212684
TEST_0890,0.43943736
TEST_0891,0.2915792
TEST_0892,0.70536405
TEST_0893,0.3598742
TEST_0894,0.29601455
TEST_0895,0.5309211
TEST_0896,0.50950146
TEST_0897,0.631094
TEST_0898,0.49786884
TEST_0899,0.6927283
TEST_0900,0.3247412
TEST_0901,0.38332403
TEST_0902,0.7037479
TEST_0903,0.15474154
TEST_0904,0.4757122
TEST_0905,0.36232013
TEST_0906,0.52368283
TEST_0907,0.3585135
TEST_0908,0.3846527
TEST_0909,0.42313328
TEST_0910,0.361279
TEST_0911,0.510043
TEST_0912,0.75329036
TEST_0913,0.54271036
TEST_0914,0.411322
TEST_0915,0.48194525
TEST_0916,0.3778067
TEST_0917,0.355884
TEST_0918,0.63426846
TEST_0919,0.22499965
TEST_0920,0.19606632
TEST_0921,0.452863
TEST_0922,0.48917592
TEST_0923,0.68948275
TEST_0924,0.24507822
TEST_0925,0.37712917
TEST_0926,0.20789438
TEST_0927,0.40388337
TEST_0928,0.3333416
TEST_0929,0.45974568
TEST_0930,0.22268862
TEST_0931,0.17504051
TEST_0932,0.34746987
TEST_0933,0.3032674
TEST_0934,0.28172293
TEST_0935,0.7629185
TEST_0936,0.54392254
TEST_0937,0.13073793
TEST_0938,0.32269734
TEST_0939,0.32819292
TEST_0940,0.3555409
TEST_0941,0.54474086
TEST_0942,0.38004518
TEST_0943,0.3145243
TEST_0944,0.4069082
TEST_0945,0.7065646
TEST_0946,0.17998825
TEST_0947,0.40026128
TEST_0948,0.38905075
TEST_0949,0.3787697
TEST_0950,0.42690882
TEST_0951,0.6897664
TEST_0952,0.39860213
TEST_0953,0.6387826
TEST_0954,0.3178875
TEST_0955,0.53251785
TEST_0956,0.4573187
TEST_0957,0.35069972
TEST_0958,0.66049427
TEST_0959,0.6187115
TEST_0960,0.096098304
TEST_0961,0.533087
TEST_0962,0.40956545
TEST_0963,0.13367619
TEST_0964,0.47705403
TEST_0965,0.42489326
TEST_0966,0.6850642
TEST_0967,0.57861394
TEST_0968,0.31910428
TEST_0969,0.4182587
TEST_0970,0.35213163
TEST_0971,0.3019331
TEST_0972,0.3011093
TEST_0973,0.3475241
TEST_0974,0.30727595
TEST_0975,0.62226474
TEST_0976,0.15844414
TEST_0977,0.41901842
TEST_0978,0.8822446
TEST_0979,0.6763132
TEST_0980,0.43787593
TEST_0981,0.7350739
TEST_0982,0.4064965
TEST_0983,0.3674725
TEST_0984,0.5967513
TEST_0985,0.81812483
TEST_0986,0.22932751
TEST_0987,0.5808226
TEST_0988,0.4958323
TEST_0989,0.3431186
TEST_0990,0.5017592
TEST_0991,0.47456992
TEST_0992,0.42770705
TEST_0993,0.48501277
TEST_0994,0.36463553
TEST_0995,0.23467931
TEST_0996,0.2941832
TEST_0997,0.36458158
TEST_0998,0.38025114
TEST_0999,0.4791115
TEST_1000,0.5102703
TEST_1001,0.35752392
TEST_1002,0.57020676
TEST_1003,0.31874067
TEST_1004,0.50822747
TEST_1005,0.47585976
TEST_1006,0.5509781
TEST_1007,0.7157001
TEST_1008,0.843375
TEST_1009,0.3908756
TEST_1010,0.39638543
TEST_1011,0.3808091
TEST_1012,0.2605991
TEST_1013,0.32819545
TEST_1014,0.6572584
TEST_1015,0.34621614
TEST_1016,0.21474148
TEST_1017,0.3107291
TEST_1018,0.28992984
TEST_1019,0.52994645
TEST_1020,0.40134534
TEST_1021,0.6974052
TEST_1022,0.50445735
TEST_1023,0.68305385
TEST_1024,0.2846849
TEST_1025,0.19073501
TEST_1026,0.6790241
TEST_1027,0.5680062
TEST_1028,0.53436506
TEST_1029,0.8638974
TEST_1030,0.40275458
TEST_1031,0.345825
TEST_1032,0.54926723
TEST_1033,0.5202471
TEST_1034,0.41064128
TEST_1035,0.29859805
TEST_1036,0.41968945
TEST_1037,0.52582586
TEST_1038,0.4478373
TEST_1039,0.5786286
TEST_1040,0.23145278
TEST_1041,0.48190373
TEST_1042,0.607416
TEST_1043,0.44117874
TEST_1044,0.2899485
TEST_1045,0.5393639
TEST_1046,0.67067856
TEST_1047,0.5423088
TEST_1048,0.32382926
TEST_1049,0.42678952
TEST_1050,0.2360183
TEST_1051,0.37719417
TEST_1052,0.38708946
TEST_1053,0.44914532
TEST_1054,0.578145
TEST_1055,0.46236077
TEST_1056,0.7682039
TEST_1057,0.45906883
TEST_1058,0.39106724
TEST_1059,0.3667396
TEST_1060,0.6649217
TEST_1061,0.32441565
TEST_1062,0.78184533
TEST_1063,0.649062
TEST_1064,0.35011095
TEST_1065,0.4990421
TEST_1066,0.5423414
TEST_1067,0.42215517
TEST_1068,0.4506604
TEST_1069,0.44689158
TEST_1070,0.34891188
TEST_1071,0.37630197
TEST_1072,0.33349848
TEST_1073,0.37308463
TEST_1074,0.36310983
TEST_1075,0.38640362
TEST_1076,0.41086748
TEST_1077,0.12913334
TEST_1078,0.3371155
TEST_1079,0.3378282
TEST_1080,0.46169522
TEST_1081,0.2600592
TEST_1082,0.4139989
TEST_1083,0.41365975
TEST_1084,0.3053237
TEST_1085,0.24874131
TEST_1086,0.79522806
TEST_1087,0.3838492
TEST_1088,0.389081
TEST_1089,0.4110488
TEST_1090,0.7097336
TEST_1091,0.41420978
TEST_1092,0.34175172
TEST_1093,0.475366
TEST_1094,0.2098582
TEST_1095,0.38943416
TEST_1096,0.41293705
TEST_1097,0.34436727
TEST_1098,0.5129619
TEST_1099,0.62151134
TEST_1100,0.50566584
TEST_1101,0.3783311
TEST_1102,0.737685
TEST_1103,0.31737077
TEST_1104,0.39675167
TEST_1105,0.364703
TEST_1106,0.5115609
TEST_1107,0.32961306
TEST_1108,0.4307475
TEST_1109,0.6583946
TEST_1110,0.5133608
TEST_1111,0.6330451
TEST_1112,0.26623118
TEST_1113,0.26032168
TEST_1114,0.50167334
TEST_1115,0.33528778
TEST_1116,0.3931909
TEST_1117,0.5665974
TEST_1118,0.48173258
TEST_1119,0.50741124
TEST_1120,0.4875779
TEST_1121,0.26122004
TEST_1122,0.36500034
TEST_1123,0.52443355
TEST_1124,0.4828726
TEST_1125,0.40451458
TEST_1126,0.32642737
TEST_1127,0.4278689
TEST_1128,0.56117743
TEST_1129,0.5155506
TEST_1130,0.4388708
TEST_1131,0.42633185
TEST_1132,0.55880713
TEST_1133,0.2104821
TEST_1134,0.5920707
TEST_1135,0.67217743
TEST_1136,0.53965276
TEST_1137,0.29330182
TEST_1138,0.64715147
TEST_1139,0.36533734
TEST_1140,0.38625872
TEST_1141,0.4424334
TEST_1142,0.2557459
TEST_1143,0.39434665
TEST_1144,0.52396107
TEST_1145,0.30845466
TEST_1146,0.75948375
TEST_1147,0.81066835
TEST_1148,0.46130934
TEST_1149,0.37207103
TEST_1150,0.6012568
TEST_1151,0.5164485
TEST_1152,0.2547022
TEST_1153,0.32357302
TEST_1154,0.25525376
TEST_1155,0.4171953
TEST_1156,0.4559476
TEST_1157,0.48701409
TEST_1158,0.4154936
TEST_1159,0.448481
TEST_1160,0.48723692
TEST_1161,0.72014534
TEST_1162,0.37270188
TEST_1163,0.15510525
TEST_1164,0.54008067
TEST_1165,0.49338496
TEST_1166,0.44441637
TEST_1167,0.47763577
TEST_1168,0.6692811
TEST_1169,0.5421946
TEST_1170,0.30769306
TEST_1171,0.37798905
TEST_1172,0.32932243
TEST_1173,0.40135014
TEST_1174,0.2328938
TEST_1175,0.46255037
TEST_1176,0.38574484
TEST_1177,0.71234745
TEST_1178,0.57798946
TEST_1179,0.3787331
TEST_1180,0.6976686
TEST_1181,0.28412816
TEST_1182,0.27436402
TEST_1183,0.74070275
TEST_1184,0.33925638
TEST_1185,0.50892705
TEST_1186,0.35673818
TEST_1187,0.6659013
TEST_1188,0.400944
TEST_1189,0.44993567
TEST_1190,0.7529089
TEST_1191,0.37018
TEST_1192,0.50202066
TEST_1193,0.40853837
TEST_1194,0.19197834
TEST_1195,0.8127069
TEST_1196,0.45322347
TEST_1197,0.28781816
TEST_1198,0.78537196
TEST_1199,0.51053476
TEST_1200,0.33007538
TEST_1201,0.33772734
TEST_1202,0.40632975
TEST_1203,0.5780991
TEST_1204,0.20453498
TEST_1205,0.06509616
TEST_1206,0.23664182
TEST_1207,0.42185688
TEST_1208,0.43965575
TEST_1209,0.4414714
TEST_1210,0.38980636
TEST_1211,0.44807288
TEST_1212,0.4318317
TEST_1213,0.42960393
TEST_1214,0.36859164
TEST_1215,0.83040553
TEST_1216,0.81916296
TEST_1217,0.17179847
TEST_1218,0.8407692
TEST_1219,0.059311964
TEST_1220,0.24729988
TEST_1221,0.34228247
TEST_1222,0.27378967
TEST_1223,0.42803353
TEST_1224,0.457607
TEST_1225,0.46617508
TEST_1226,0.3811644
TEST_1227,0.4183808
TEST_1228,0.18627536
TEST_1229,0.43621784
TEST_1230,0.16432537
TEST_1231,0.41420394
TEST_1232,0.40828162
TEST_1233,0.41994262
TEST_1234,0.34174505
TEST_1235,0.63370454
TEST_1236,0.6813256
TEST_1237,0.4178505
TEST_1238,0.82271165
TEST_1239,0.4311664
TEST_1240,0.3622036
TEST_1241,0.36105663
TEST_1242,0.33726287
TEST_1243,0.2512802
TEST_1244,0.48123574
TEST_1245,0.5037807
TEST_1246,0.53677976
TEST_1247,0.37887412
TEST_1248,0.49257925
TEST_1249,0.40245703
TEST_1250,0.24899785
TEST_1251,0.38718936
TEST_1252,0.49261022
TEST_1253,0.3882554
TEST_1254,0.5642446
TEST_1255,0.30832794
TEST_1256,0.40925506
TEST_1257,0.4085653
TEST_1258,0.46600473
TEST_1259,0.51382554
TEST_1260,0.69808394
TEST_1261,0.43991163
TEST_1262,0.3700665
TEST_1263,0.25686148
TEST_1264,0.3773999
TEST_1265,0.43964133
TEST_1266,0.46009004
TEST_1267,0.48155415
TEST_1268,0.1691817
TEST_1269,0.48382577
TEST_1270,0.47853705
TEST_1271,0.67570144
TEST_1272,0.16116194
TEST_1273,0.375766
TEST_1274,0.28417838
TEST_1275,0.25597408
TEST_1276,0.558038
TEST_1277,0.25508395
TEST_1278,0.7521225
TEST_1279,0.43274078
TEST_1280,0.58329636
TEST_1281,0.4073189
TEST_1282,0.14293706
TEST_1283,0.2781687
TEST_1284,0.37735787
TEST_1285,0.12723538
TEST_1286,0.29879612
TEST_1287,0.37023222
TEST_1288,0.4184043
TEST_1289,0.32235217
TEST_1290,0.6645217
TEST_1291,0.16628984
TEST_1292,0.4175732
TEST_1293,0.39958036
TEST_1294,0.37565514
TEST_1295,0.32154706
TEST_1296,0.34607968
TEST_1297,0.607992
TEST_1298,0.65951586
TEST_1299,0.3227803
TEST_1300,0.40086904
TEST_1301,0.47608262
TEST_1302,0.38945144
TEST_1303,0.36374414
TEST_1304,0.35351583
TEST_1305,0.4147189
TEST_1306,0.3066814
TEST_1307,0.24490233
TEST_1308,0.27662084
TEST_1309,0.39229056
TEST_1310,0.6250094
TEST_1311,0.43073142
TEST_1312,0.5494198
TEST_1313,0.7100035
TEST_1314,0.6261475
TEST_1315,0.345834
TEST_1316,0.7557151
TEST_1317,0.34261405
TEST_1318,0.49065053
TEST_1319,0.66311944
TEST_1320,0.46561137
TEST_1321,0.4656869
TEST_1322,0.58420056
TEST_1323,0.38050523
TEST_1324,0.48021385
TEST_1325,0.495241
TEST_1326,0.45211107
TEST_1327,0.3879702
TEST_1328,0.32874325
TEST_1329,0.36532372
TEST_1330,0.5313619
TEST_1331,0.5641407
TEST_1332,0.43574107
TEST_1333,0.3554909
TEST_1334,0.6769413
TEST_1335,0.5067582
TEST_1336,0.36579677
TEST_1337,0.763073
TEST_1338,0.50006783
TEST_1339,0.5839057
TEST_1340,0.6487699
TEST_1341,0.34642792
TEST_1342,0.44456977
TEST_1343,0.5698046
TEST_1344,0.8410579
TEST_1345,0.40087914
TEST_1346,0.76661795
TEST_1347,0.45696476
TEST_1348,0.8379408
TEST_1349,0.27400482
TEST_1350,0.55526173
TEST_1351,0.46717498
TEST_1352,0.37793013
TEST_1353,0.4271583
TEST_1354,0.24072982
TEST_1355,0.38725215
TEST_1356,0.13508926
TEST_1357,0.41751367
TEST_1358,0.23669732
TEST_1359,0.43515137
TEST_1360,0.32123676
TEST_1361,0.4430639
TEST_1362,0.4385152
TEST_1363,0.36187154
TEST_1364,0.6610254
TEST_1365,0.7443442
TEST_1366,0.60639995
TEST_1367,0.2537952
TEST_1368,0.7640542
TEST_1369,0.7033946
TEST_1370,0.14805448
TEST_1371,0.6298255
TEST_1372,0.6542838
TEST_1373,0.6015928
TEST_1374,0.34895378
TEST_1375,0.48753414
TEST_1376,0.34626782
TEST_1377,0.41550258
TEST_1378,0.8526484
TEST_1379,0.602393
TEST_1380,0.38005474
TEST_1381,0.37478566
TEST_1382,0.41935608
TEST_1383,0.23286718
TEST_1384,0.440704
TEST_1385,0.6111253
TEST_1386,0.44560695
TEST_1387,0.29934412
TEST_1388,0.5551895
TEST_1389,0.34267637
TEST_1390,0.3866852
TEST_1391,0.21141177
TEST_1392,0.6588758
TEST_1393,0.17842399
TEST_1394,0.72780174
TEST_1395,0.64395726
TEST_1396,0.35785398
TEST_1397,0.36104882
TEST_1398,0.6538753
TEST_1399,0.4531744
TEST_1400,0.5353197
TEST_1401,0.25321087
TEST_1402,0.244779
TEST_1403,0.39593524
TEST_1404,0.37741363
TEST_1405,0.42736626
TEST_1406,0.40839383
TEST_1407,0.21708214
TEST_1408,0.30122536
TEST_1409,0.6562482
TEST_1410,0.20611428
TEST_1411,0.35505894
TEST_1412,0.30204093
TEST_1413,0.23058948
TEST_1414,0.4635266
TEST_1415,0.6189678
TEST_1416,0.68490505
TEST_1417,0.42925858
TEST_1418,0.39093223
TEST_1419,0.38900277
TEST_1420,0.3277514
TEST_1421,0.3783307
TEST_1422,0.62593544
TEST_1423,0.732391
TEST_1424,0.6423258
TEST_1425,0.32249245
TEST_1426,0.38284495
TEST_1427,0.53784066
TEST_1428,0.4087967
TEST_1429,0.4407803
TEST_1430,0.6176358
TEST_1431,0.42688224
TEST_1432,0.3146455
TEST_1433,0.46610862
TEST_1434,0.48875132
TEST_1435,0.66678673
TEST_1436,0.40639716
TEST_1437,0.4033395
TEST_1438,0.41797167
TEST_1439,0.2895016
TEST_1440,0.7013228
TEST_1441,0.3717573
TEST_1442,0.3862475
TEST_1443,0.3919068
TEST_1444,0.72182465
TEST_1445,0.2831698
TEST_1446,0.8021169
TEST_1447,0.3546664
TEST_1448,0.3986897
TEST_1449,0.22628984
TEST_1450,0.31106043
TEST_1451,0.5386606
TEST_1452,0.6419005
TEST_1453,0.4154538
TEST_1454,0.51865286
TEST_1455,0.39050397
TEST_1456,0.5996457
TEST_1457,0.35412428
TEST_1458,0.6944052
TEST_1459,0.29857332
TEST_1460,0.22724646
TEST_1461,0.16696359
TEST_1462,0.12864397
TEST_1463,0.55855304
TEST_1464,0.39753556
TEST_1465,0.49476093
TEST_1466,0.27442232
TEST_1467,0.44539195
TEST_1468,0.83942574
TEST_1469,0.17316736
TEST_1470,0.6156939
TEST_1471,0.5187197
TEST_1472,0.34747553
TEST_1473,0.15206982
TEST_1474,0.42201447
TEST_1475,0.36120385
TEST_1476,0.37690225
TEST_1477,0.27626923
TEST_1478,0.6331547
TEST_1479,0.32905838
TEST_1480,0.40831667
TEST_1481,0.42527425
TEST_1482,0.5614378
TEST_1483,0.51050633
TEST_1484,0.32012948
TEST_1485,0.31096995
TEST_1486,0.4961634
TEST_1487,0.2806696
TEST_1488,0.7113035
TEST_1489,0.5188362
TEST_1490,0.26465818
TEST_1491,0.48204368
TEST_1492,0.23777422
TEST_1493,0.4146014
TEST_1494,0.37080982
TEST_1495,0.42641455
TEST_1496,0.48199788
TEST_1497,0.39308882
TEST_1498,0.7369164
TEST_1499,0.65785205
TEST_1500,0.16930301
TEST_1501,0.36998358
TEST_1502,0.7080456
TEST_1503,0.5322554
TEST_1504,0.7808065
TEST_1505,0.7103696
TEST_1506,0.36396995
TEST_1507,0.6242844
TEST_1508,0.7012236
TEST_1509,0.48814353
TEST_1510,0.23457447
TEST_1511,0.4666535
TEST_1512,0.59435964
TEST_1513,0.49343538
TEST_1514,0.4225457
TEST_1515,0.45250598
TEST_1516,0.3267013
TEST_1517,0.6640974
TEST_1518,0.31807104
TEST_1519,0.36510807
TEST_1520,0.43721965
TEST_1521,0.6999254
TEST_1522,0.54809505
TEST_1523,0.51352197
TEST_1524,0.42446467
TEST_1525,0.627735
TEST_1526,0.59180886
TEST_1527,0.53365076
TEST_1528,0.36010554
TEST_1529,0.6076253
TEST_1530,0.39461282
TEST_1531,0.42008337
TEST_1532,0.43003252
TEST_1533,0.5001521
TEST_1534,0.54707205
TEST_1535,0.5595725
TEST_1536,0.38346246
TEST_1537,0.41340348
TEST_1538,0.5304169
TEST_1539,0.35719863
TEST_1540,0.39507407
TEST_1541,0.3263411
TEST_1542,0.6579217
TEST_1543,0.34741646
TEST_1544,0.35968474
TEST_1545,0.787918
TEST_1546,0.41651985
TEST_1547,0.4052275
TEST_1548,0.33973336
TEST_1549,0.39229774
TEST_1550,0.6413209
TEST_1551,0.46739867
TEST_1552,0.43386838
TEST_1553,0.29669186
TEST_1554,0.3401569
TEST_1555,0.3835195
TEST_1556,0.34222323
TEST_1557,0.38657194
TEST_1558,0.35316065
TEST_1559,0.4210038
TEST_1560,0.41934246
TEST_1561,0.36161354
TEST_1562,0.5130109
TEST_1563,0.6831847
TEST_1564,0.2297535
TEST_1565,0.44112468
TEST_1566,0.36121348
TEST_1567,0.6684887
TEST_1568,0.40033948
TEST_1569,0.30415744
TEST_1570,0.26481876
TEST_1571,0.4432474
TEST_1572,0.5495307
TEST_1573,0.38715163
TEST_1574,0.76489806
TEST_1575,0.32293394
TEST_1576,0.5401786
TEST_1577,0.41384408
TEST_1578,0.48791742
TEST_1579,0.50621414
TEST_1580,0.4588957
TEST_1581,0.27691358
TEST_1582,0.488293
TEST_1583,0.3679638
TEST_1584,0.34079823
TEST_1585,0.5073706
TEST_1586,0.31304657
TEST_1587,0.38590804
TEST_1588,0.24996626
TEST_1589,0.29273477
TEST_1590,0.83410424
TEST_1591,0.404141
TEST_1592,0.42939198
TEST_1593,0.47931004
TEST_1594,0.43993065
TEST_1595,0.48781833
TEST_1596,0.39097303
TEST_1597,0.32399514
TEST_1598,0.5253584
TEST_1599,0.54746234
TEST_1600,0.52779883
TEST_1601,0.36464778
TEST_1602,0.19129223
TEST_1603,0.33410943
TEST_1604,0.8459246
TEST_1605,0.49621472
TEST_1606,0.08747654
TEST_1607,0.1633645
TEST_1608,0.13276108
TEST_1609,0.56158626
TEST_1610,0.38004276
TEST_1611,0.5240412
TEST_1612,0.5040985
TEST_1613,0.26598153
TEST_1614,0.3553867
TEST_1615,0.707747
TEST_1616,0.80908674
TEST_1617,0.19794004
TEST_1618,0.33643922
TEST_1619,0.4026168
TEST_1620,0.35993737
TEST_1621,0.42529574
TEST_1622,0.30657637
TEST_1623,0.32499906
TEST_1624,0.612375
TEST_1625,0.74939936
TEST_1626,0.60705745
TEST_1627,0.41427574
TEST_1628,0.71408665
TEST_1629,0.49764928
TEST_1630,0.56322986
TEST_1631,0.15430424
TEST_1632,0.37009105
TEST_1633,0.4456794
TEST_1634,0.25148156
TEST_1635,0.55623966
TEST_1636,0.43172267
TEST_1637,0.31775978
TEST_1638,0.40372065
TEST_1639,0.77112657
TEST_1640,0.64863294
TEST_1641,0.44146675
TEST_1642,0.13863583
TEST_1643,0.6696583
TEST_1644,0.71974957
TEST_1645,0.345806
TEST_1646,0.31493032
TEST_1647,0.23596294
TEST_1648,0.3908999
TEST_1649,0.38527414
TEST_1650,0.3964886
TEST_1651,0.28360796
TEST_1652,0.3113099
TEST_1653,0.27921247
TEST_1654,0.42412522
TEST_1655,0.6300268
TEST_1656,0.38209128
TEST_1657,0.26842558
TEST_1658,0.3569677
TEST_1659,0.7575772
TEST_1660,0.59868973
TEST_1661,0.33832565
TEST_1662,0.49153787
TEST_1663,0.54637325
TEST_1664,0.50156075
TEST_1665,0.2137174
TEST_1666,0.6615726
TEST_1667,0.74229795
TEST_1668,0.40788266
TEST_1669,0.4777426
TEST_1670,0.1465041
TEST_1671,0.42553103
TEST_1672,0.4481022
TEST_1673,0.33376187
TEST_1674,0.13307612
TEST_1675,0.49572894
TEST_1676,0.46380755
TEST_1677,0.3588375
TEST_1678,0.3945237
TEST_1679,0.49179947
TEST_1680,0.58703595
TEST_1681,0.43067074
TEST_1682,0.37412786
TEST_1683,0.5436486
TEST_1684,0.448614
TEST_1685,0.29952815
TEST_1686,0.38614976
TEST_1687,0.55131024
TEST_1688,0.34312132
TEST_1689,0.3991775
TEST_1690,0.39525837
TEST_1691,0.3123565
TEST_1692,0.4811027
TEST_1693,0.4817436
TEST_1694,0.32386252
TEST_1695,0.3651406
TEST_1696,0.6158521
TEST_1697,0.35076937
TEST_1698,0.37207335
TEST_1699,0.62809736
TEST_1700,0.26396206
TEST_1701,0.7889003
TEST_1702,0.40549642
TEST_1703,0.43623954
TEST_1704,0.41673288
TEST_1705,0.3836372
TEST_1706,0.41214776
TEST_1707,0.48229992
TEST_1708,0.17804109
TEST_1709,0.26270136
TEST_1710,0.39236236
TEST_1711,0.25249484
TEST_1712,0.48908946
TEST_1713,0.3344873
TEST_1714,0.38333103
TEST_1715,0.4402806
TEST_1716,0.41308135
TEST_1717,0.61359805
TEST_1718,0.54308915
TEST_1719,0.5538941
TEST_1720,0.6198471
TEST_1721,0.35826424
TEST_1722,0.47752178
TEST_1723,0.21928947
TEST_1724,0.8581063
TEST_1725,0.31130803
TEST_1726,0.19529812
TEST_1727,0.39242733
TEST_1728,0.40121123
TEST_1729,0.6361892
TEST_1730,0.63528115
TEST_1731,0.36223003
TEST_1732,0.6611719
TEST_1733,0.61674803
TEST_1734,0.34241518
TEST_1735,0.48436317
TEST_1736,0.38449234
TEST_1737,0.65099335
TEST_1738,0.29114097
TEST_1739,0.2928972
TEST_1740,0.5262318
TEST_1741,0.31899384
TEST_1742,0.36934316
TEST_1743,0.48487383
TEST_1744,0.4405713
TEST_1745,0.26259026
TEST_1746,0.7134169
TEST_1747,0.8269773
TEST_1748,0.49341094
TEST_1749,0.41296837
TEST_1750,0.34835577
TEST_1751,0.14238411
TEST_1752,0.5037807
TEST_1753,0.40709937
TEST_1754,0.5609576
TEST_1755,0.45706496
TEST_1756,0.40320078
TEST_1757,0.8797809
TEST_1758,0.34326437
TEST_1759,0.64785403
TEST_1760,0.51469576
TEST_1761,0.70028305
TEST_1762,0.28357375
TEST_1763,0.25559092
TEST_1764,0.59423923
TEST_1765,0.118565224
TEST_1766,0.523458
TEST_1767,0.65547186
TEST_1768,0.5527194
TEST_1769,0.44566944
TEST_1770,0.8592012
TEST_1771,0.36694527
TEST_1772,0.65047926
TEST_1773,0.24419619
TEST_1774,0.8815216
TEST_1775,0.3745349
TEST_1776,0.77436364
TEST_1777,0.31905696
TEST_1778,0.27241412
TEST_1779,0.72631043
TEST_1780,0.58518904
TEST_1781,0.4381307
TEST_1782,0.82118964
TEST_1783,0.582246
TEST_1784,0.35638842
TEST_1785,0.35539088
TEST_1786,0.54227245
TEST_1787,0.61870915
TEST_1788,0.40527806
TEST_1789,0.33246058
TEST_1790,0.3069561
TEST_1791,0.40844834
TEST_1792,0.7122297
TEST_1793,0.5160769
TEST_1794,0.5195263
TEST_1795,0.5708694
TEST_1796,0.38431045
TEST_1797,0.64022666
TEST_1798,0.3405212
TEST_1799,0.5396159
TEST_1800,0.40541074
TEST_1801,0.41313118
TEST_1802,0.2834666
TEST_1803,0.38527974
TEST_1804,0.38919395
TEST_1805,0.45131218
TEST_1806,0.37561372
TEST_1807,0.43756384
TEST_1808,0.35069823
TEST_1809,0.4262939
TEST_1810,0.41065833
TEST_1811,0.5950996
TEST_1812,0.16396521
TEST_1813,0.36137027
TEST_1814,0.4636818
TEST_1815,0.34422275
TEST_1816,0.35759422
TEST_1817,0.56366086
TEST_1818,0.44827625
TEST_1819,0.32466695
TEST_1820,0.3869819
TEST_1821,0.5226824
TEST_1822,0.8068333
TEST_1823,0.44302633
TEST_1824,0.4600653
TEST_1825,0.5714749
TEST_1826,0.37809214
TEST_1827,0.3552129
TEST_1828,0.3794109
TEST_1829,0.5694889
TEST_1830,0.20912763
TEST_1831,0.49345207
TEST_1832,0.39277858
TEST_1833,0.4538464
TEST_1834,0.8226051
TEST_1835,0.34654608
TEST_1836,0.5182673
TEST_1837,0.3677245
TEST_1838,0.4155995
TEST_1839,0.39647105
TEST_1840,0.51875347
TEST_1841,0.47554547
TEST_1842,0.3158095
TEST_1843,0.71591425
TEST_1844,0.5572872
TEST_1845,0.29675648
TEST_1846,0.4865683
TEST_1847,0.45147803
TEST_1848,0.3955323
TEST_1849,0.2187166
TEST_1850,0.281023
TEST_1851,0.31056088
TEST_1852,0.8069155
TEST_1853,0.69289625
TEST_1854,0.38750273
TEST_1855,0.7367405
TEST_1856,0.34501684
TEST_1857,0.5758356
TEST_1858,0.4050512
TEST_1859,0.58150464
TEST_1860,0.551941
TEST_1861,0.42234913
TEST_1862,0.49187136
TEST_1863,0.41451165
TEST_1864,0.54663134
TEST_1865,0.40328798
TEST_1866,0.41560543
TEST_1867,0.7471592
TEST_1868,0.39377072
TEST_1869,0.524283
TEST_1870,0.11101052
TEST_1871,0.054706838
TEST_1872,0.66042244
TEST_1873,0.4911706
TEST_1874,0.50349706
TEST_1875,0.13561031
TEST_1876,0.79854006
TEST_1877,0.28448358
TEST_1878,0.3729385
TEST_1879,0.8033988
TEST_1880,0.19060516
TEST_1881,0.52983546
TEST_1882,0.7412648
TEST_1883,0.47101942
TEST_1884,0.33549827
TEST_1885,0.6094911
TEST_1886,0.3801457
TEST_1887,0.367706
TEST_1888,0.44259447
TEST_1889,0.40707335
TEST_1890,0.40153426
TEST_1891,0.580268
TEST_1892,0.3988836
TEST_1893,0.32795006
TEST_1894,0.34264755
TEST_1895,0.49661866
TEST_1896,0.46889585
TEST_1897,0.37339023
TEST_1898,0.3599743
TEST_1899,0.7162749
TEST_1900,0.3555813
TEST_1901,0.6524431
TEST_1902,0.13684154
TEST_1903,0.30337325
TEST_1904,0.2590027
TEST_1905,0.29672238
TEST_1906,0.28027886
TEST_1907,0.2092921
TEST_1908,0.42228574
TEST_1909,0.3959689
TEST_1910,0.6730872
TEST_1911,0.35267186
TEST_1912,0.22146587
TEST_1913,0.30127305
TEST_1914,0.78412163
TEST_1915,0.43812388
TEST_1916,0.34833902
TEST_1917,0.34713078
TEST_1918,0.30859688
TEST_1919,0.2335167
TEST_1920,0.3739
TEST_1921,0.35522845
TEST_1922,0.20467415
TEST_1923,0.25675136
TEST_1924,0.2578903
TEST_1925,0.4446684
TEST_1926,0.57437027
TEST_1927,0.5732719
TEST_1928,0.39105344
TEST_1929,0.68058646
TEST_1930,0.18726802
TEST_1931,0.33047345
TEST_1932,0.083185144
TEST_1933,0.46798757
TEST_1934,0.19447981
TEST_1935,0.47707325
TEST_1936,0.749953
TEST_1937,0.5492819
TEST_1938,0.3141974
TEST_1939,0.30930224
TEST_1940,0.10280748
TEST_1941,0.35209695
TEST_1942,0.47944003
TEST_1943,0.38143316
TEST_1944,0.35452873
TEST_1945,0.34111077
TEST_1946,0.52436185
TEST_1947,0.3579368
TEST_1948,0.71480614
TEST_1949,0.57973355
TEST_1950,0.47308254
TEST_1951,0.40961713
TEST_1952,0.33341223
TEST_1953,0.54966027
TEST_1954,0.29213312
TEST_1955,0.52627116
TEST_1956,0.062052146
TEST_1957,0.5562202
TEST_1958,0.29474884
TEST_1959,0.5503525
TEST_1960,0.37176222
TEST_1961,0.107128784
TEST_1962,0.59517694
TEST_1963,0.38355243
TEST_1964,0.5113022
TEST_1965,0.5878614
TEST_1966,0.34946615
TEST_1967,0.4700243
TEST_1968,0.33319533
TEST_1969,0.34184343
TEST_1970,0.35606304
TEST_1971,0.4072194
TEST_1972,0.58512145
TEST_1973,0.7904038
TEST_1974,0.5054333
TEST_1975,0.15036868
TEST_1976,0.7066054
TEST_1977,0.37369418
TEST_1978,0.4225099
TEST_1979,0.27678058
TEST_1980,0.16610828
TEST_1981,0.2593617
TEST_1982,0.32448077
TEST_1983,0.50276315
TEST_1984,0.3208095
TEST_1985,0.34359652
TEST_1986,0.41959816
TEST_1987,0.66563827
TEST_1988,0.5940784
TEST_1989,0.2878286
TEST_1990,0.5586997
TEST_1991,0.32649997
TEST_1992,0.037576392
TEST_1993,0.370534
TEST_1994,0.35864246
TEST_1995,0.28332657
TEST_1996,0.65167207
TEST_1997,0.37372723
TEST_1998,0.7296083
TEST_1999,0.44078404
TEST_2000,0.3358042
TEST_2001,0.5824753
TEST_2002,0.63913834
TEST_2003,0.7917937
TEST_2004,0.003993382
TEST_2005,0.6415738
TEST_2006,0.4349697
TEST_2007,0.4364068
TEST_2008,0.22323267
TEST_2009,0.46452942
TEST_2010,0.46419752
TEST_2011,0.4574441
TEST_2012,0.3893972
TEST_2013,0.5034672
TEST_2014,0.11562464
TEST_2015,0.29135242
TEST_2016,0.519159
TEST_2017,0.41982433
TEST_2018,0.34423834
TEST_2019,0.4369734
TEST_2020,0.5332932
TEST_2021,0.31961885
TEST_2022,0.53020275
TEST_2023,0.3509694
TEST_2024,0.34428883
TEST_2025,0.13756643
TEST_2026,0.3317013
TEST_2027,0.4304814
TEST_2028,0.31980857
TEST_2029,0.5806226
TEST_2030,0.5167763
TEST_2031,0.28464058
TEST_2032,0.42635462
TEST_2033,0.12893336
TEST_2034,0.21842307
TEST_2035,0.37181404
TEST_2036,0.45652547
TEST_2037,0.7359236
TEST_2038,0.4992873
TEST_2039,0.672567
TEST_2040,0.4804669
TEST_2041,0.35170126
TEST_2042,0.49972335
TEST_2043,0.52073455
TEST_2044,0.4274754
TEST_2045,0.58327156
TEST_2046,0.6809207
TEST_2047,0.6489722
TEST_2048,0.6857782
TEST_2049,0.7125637
TEST_2050,0.19150063
TEST_2051,0.5016272
TEST_2052,0.3444943
TEST_2053,0.29502243
TEST_2054,0.80601126
TEST_2055,0.34158385
TEST_2056,0.4276108
TEST_2057,0.29454228
TEST_2058,0.3503266
TEST_2059,0.40020403
TEST_2060,0.49611047
TEST_2061,0.7420705
